{
  "advantage_mean": [
    -0.012835376739501953,
    0.023735315322875976,
    0.06177900695800781,
    0.08986403656005859,
    0.11629011535644532,
    0.13873638916015624
  ],
  "advantage_mean_T": [
    1000,
    11000,
    21000,
    31000,
    41000,
    51000
  ],
  "agent_grad_norm": [
    1.5478187799453735,
    0.7307875752449036,
    0.3184637725353241,
    0.12544214725494385,
    0.0682695209980011,
    0.0699845552444458
  ],
  "agent_grad_norm_T": [
    1000,
    11000,
    21000,
    31000,
    41000,
    51000
  ],
  "critic_grad_norm": [
    143.9431915283203,
    149.34202575683594,
    141.49729919433594,
    168.31773376464844,
    176.51394653320312,
    144.6099395751953
  ],
  "critic_grad_norm_T": [
    1000,
    11000,
    21000,
    31000,
    41000,
    51000
  ],
  "critic_loss": [
    22050.751953125,
    24431.3828125,
    18686.20703125,
    27759.025390625,
    22768.482421875,
    17125.087890625
  ],
  "critic_loss_T": [
    1000,
    11000,
    21000,
    31000,
    41000,
    51000
  ],
  "entropy_coef": [
    19.50025,
    14.50275,
    9.50525,
    4.50775,
    0.01,
    0.01
  ],
  "entropy_coef_T": [
    1000,
    11000,
    21000,
    31000,
    41000,
    51000
  ],
  "ep_length_mean": [
    100.0,
    100.0,
    100.0,
    100.0,
    100.0,
    100.0
  ],
  "ep_length_mean_T": [
    1000,
    11000,
    21000,
    31000,
    41000,
    51000
  ],
  "episode": [
    500
  ],
  "episode_T": [
    50000
  ],
  "pg_loss": [
    -21.308488845825195,
    -15.86917495727539,
    -10.364413261413574,
    -4.851222038269043,
    0.11549980193376541,
    0.1383899748325348
  ],
  "pg_loss_T": [
    1000,
    11000,
    21000,
    31000,
    41000,
    51000
  ],
  "pi_max": [
    0.370090087890625,
    0.3547784118652344,
    0.34725299072265625,
    0.346195068359375,
    0.343971923828125,
    0.346403564453125
  ],
  "pi_max_T": [
    1000,
    11000,
    21000,
    31000,
    41000,
    51000
  ],
  "q_taken_mean": [
    -0.02505210304260254,
    -0.0678045654296875,
    -0.11107370758056641,
    -0.1640155029296875,
    -0.21736883544921876,
    -0.27440936279296874
  ],
  "q_taken_mean_T": [
    1000,
    11000,
    21000,
    31000,
    41000,
    51000
  ],
  "return_mean": [
    {
      "dtype": "float64",
      "py/object": "numpy.float64",
      "value": -605.0
    },
    {
      "dtype": "float64",
      "py/object": "numpy.float64",
      "value": -652.84
    },
    {
      "dtype": "float64",
      "py/object": "numpy.float64",
      "value": -612.12
    },
    {
      "dtype": "float64",
      "py/object": "numpy.float64",
      "value": -642.96
    },
    {
      "dtype": "float64",
      "py/object": "numpy.float64",
      "value": -671.96
    },
    {
      "dtype": "float64",
      "py/object": "numpy.float64",
      "value": -646.26
    }
  ],
  "return_mean_T": [
    1000,
    11000,
    21000,
    31000,
    41000,
    51000
  ],
  "return_std": [
    {
      "dtype": "float64",
      "py/object": "numpy.float64",
      "value": 259.67864756271354
    },
    {
      "dtype": "float64",
      "py/object": "numpy.float64",
      "value": 272.4705018896541
    },
    {
      "dtype": "float64",
      "py/object": "numpy.float64",
      "value": 286.2022809133428
    },
    {
      "dtype": "float64",
      "py/object": "numpy.float64",
      "value": 281.3523740791963
    },
    {
      "dtype": "float64",
      "py/object": "numpy.float64",
      "value": 286.74043732965185
    },
    {
      "dtype": "float64",
      "py/object": "numpy.float64",
      "value": 246.31453956273066
    }
  ],
  "return_std_T": [
    1000,
    11000,
    21000,
    31000,
    41000,
    51000
  ],
  "target_mean": [
    -56.164078125,
    -58.643546875,
    -54.96090234375,
    -63.55765625,
    -64.74544140625,
    -50.88651953125
  ],
  "target_mean_T": [
    1000,
    11000,
    21000,
    31000,
    41000,
    51000
  ],
  "td_error_abs": [
    80.643140625,
    85.9130703125,
    74.714109375,
    90.4734140625,
    82.573875,
    72.7670234375
  ],
  "td_error_abs_T": [
    1000,
    11000,
    21000,
    31000,
    41000,
    51000
  ],
  "test_ep_length_mean": [
    100.0,
    100.0
  ],
  "test_ep_length_mean_T": [
    1000,
    51000
  ],
  "test_return_mean": [
    {
      "dtype": "float64",
      "py/object": "numpy.float64",
      "value": -622.84
    },
    {
      "dtype": "float64",
      "py/object": "numpy.float64",
      "value": -636.2
    }
  ],
  "test_return_mean_T": [
    1000,
    51000
  ],
  "test_return_std": [
    {
      "dtype": "float64",
      "py/object": "numpy.float64",
      "value": 310.9824663867724
    },
    {
      "dtype": "float64",
      "py/object": "numpy.float64",
      "value": 247.25751758035588
    }
  ],
  "test_return_std_T": [
    1000,
    51000
  ]
}