{"test_ep_length_mean":100,"q_taken_mean":-0.27440936279296874,"pg_loss":0.1383899748325348,"ep_length_mean":100,"target_mean":-50.88651953125,"episode":500,"test_return_std":247.25751758035588,"return_mean":-646.26,"test_return_mean":-636.2,"_timestamp":1.769857896448687e+09,"critic_grad_norm":144.6099395751953,"agent_grad_norm":0.0699845552444458,"pi_max":0.346403564453125,"critic_loss":17125.087890625,"_wandb":{"runtime":31},"_step":51000,"td_error_abs":72.7670234375,"return_std":246.31453956273066,"_runtime":31.9463403,"advantage_mean":0.13873638916015624,"entropy_coef":0.01}