{"_timestamp":1.7698564475394864e+09,"_wandb":{"runtime":6},"q_taken_mean":0.051418495178222653,"grad_norm":0.694580078125,"test_return_std":0,"target_mean":0.08098467826843261,"return_std":0,"_runtime":6.2616915,"_step":800,"test_return_mean":0,"return_mean":-872,"td_error_abs":0.8353819274902343,"ep_length_mean":25,"loss":0.9778319597244263,"test_ep_length_mean":25,"epsilon":1}