{"pi_max":0.352279052734375,"target_mean":-56.6994375,"ep_length_mean":100,"test_return_mean":-600.02,"test_return_std":283.1935726671776,"q_taken_mean":-0.06014277267456054,"critic_loss":21903.34375,"_runtime":14.5650776,"critic_grad_norm":142.1229705810547,"_timestamp":1.7698572935806873e+09,"td_error_abs":79.971859375,"return_std":260.69568159062396,"pg_loss":0.2670001685619354,"return_mean":-637.96,"advantage_mean":0.2543530578613281,"_wandb":{"runtime":14},"entropy_coef":0.01,"agent_grad_norm":0.06883970648050308,"test_ep_length_mean":100,"_step":11000}